palabra,contador
Caballito,898
cocina,787
completo,663
balcón,576
comedor,548
pisos,535
unidades,521
frente,512
edificio,486
Cocina,455
medidas,417
dormitorios,401
placard,398
cuadras,385
dormitorio,336
mesada,330
parrilla,321
living,309
completos,301
lavadero,291
expensas,276
Departamento,275
Pisos,270
salida,265
inmueble,260
pueden,260
acceso,259
Rivadavia,257
Edificio,247
calidad,245
cuenta,244
ubicación,236
CUCICBA,232
baños,231
PROPIEDADES,227
amplio,223
propietario,223
terraza,219
planta,217
servicio,215
luminoso,215
Excelente,214
principal,210
ubicado,210
cuadra,208
unidad,207
Living,206
piscina,200
acondicionado,199
marca,197
Balcón,192
caliente,190
encuentra,188
entrada,188
integrada,184
independiente,184
Subte,182
solarium,182
emprendimiento,182
individual,182
excelente,181
cocheras,178
Norte,177
contrafrente,177
barrio,176
parte,176
aluminio,175
Cocheras,174
suite,173
vista,171
porcelanato,170
patio,169
espacio,166
toilette,161
acero,159
ambiente,159
LEPORE,158
madera,158
servicios,157
propiedad,155
aproximados,154
aviso,152
cochera,151
amenities,151
Muebles,151
Goyena,151
Capital,150
subte,150
alacenas,145
muebles,144
inoxidable,144
Dormitorio,143
planos,143
COCINA,138
radiante,138
amplios,137
Parque,136
Sucursal,136
estación,136
sector,135
corrido,134
baulera,133
Corredor,133
categoría,132
funcionales,131
split,131
Piscina,130
Propiedades,129
seguridad,129
placares,128
Solarium,128
parquet,128
Amenities,127
recepción,126
general,126
diseño,126
Expensas,125
Doble,124
Ladrillo,123
Lavadero,120
vestidor,119
valores,118
profesionales,118
anodizado,117
Comedor,117
precio,116
descripciones,116
completa,116
Anafe,115
cubierta,114
laundry,113
superficies,112
datos,112
aterrazado,112
control,111
supeditada,110
torre,109
profesional,109
Centro,109
Federal,106
requisitos,105
calle,105
operación,105
Cochera,105
dependencia,104
Cuenta,102
Toilette,102
caldera,101
interiores,100
cualquier,100
realizar,100
impuestos,98
estrenar,97
Calefacción,96
visualización,96
actualizados,96
discordancias,96
legales,95
realización,95
proporcionados,95
previamente,95
LEGAL,95
requiriendo,95
interesado,95
arrojar,95
Matrícula,95
copias,95
arquitectónicas,95
títulos,95
inexactitudes,95
verificaciones,95
facturas,95
total,95
resolución,95
pedido,95
opcionales,94
Revestimiento,94
valor,94
COCHERAS,94
balcon,94
Terraza,94
FRENTE,92
Aires,92
línea,92
Porcelanato,91
parrillas,91
amplia,91
aproximadas,91
grandes,91
Puertas,90
terreno,89
Planta,89
Palermo,88
Suite,88
Publicado,88
eléctrico,88
Ascensores,86
título,85
Dormitorios,85
AVISO,85
S.A.CUIT,84
33-60234274-9C.U.C.I.C.B.A,84
Sucursales,84
Linea,84
central,83
Instalación,82
Plata,82
lavarropas,82
Interiores,81
centro,81
Espacio,81
Buenos,81
Martin,80
medios,80
CABALLITO,80
transporte,80
Center,79
Frente,79
Split,79
C.U.C.I.C.B.A,79
Profesional,78
ESTRENAR,78
Bauleras,76
cuentan,76
importante,76
granito,76
lugar,76
exterior,76
puede,75
espacios,75
independientes,75
living-comedor,75
Campeador,75
equipada,74
conexión,74
único,74
juegos,73
constancia,73
Todas,72
segundo,72
sujeto,72
líneas,71
balcones,71
Frentes,71
Entrega,71
estratégica,71
porcellanato,70
distribución,70
Superficie,70
Tomas,70
ventana,70
abierta,70
vivienda,70
Avenida,69
terminaciones,69
equipado,69
PROPIEDADESVENTA,69
Cocinas,68
COMEDOR,68
EXCELENTE,68
puertas,68
COCHERA,68
flotante,68
ladrillos,67
previo,67
Ascensor,67
COMPLETO,67
bauleras,66
comercial,66
todas,66
múltiples,66
Unidades,66
Amplio,66
Lopez,66
calefacción,65
Ventanas,65
Primera,65
Baulera,65
AMBIENTE,65
Lucila,65
Vicente,64
Puerto,64
verificación,64
Madero,64
LAVADERO,64
iluminación,64
Painé,64
As.Tel,64
Anchorena,64
cubierto,64
Ubicado,63
Acoyte,63
DORMITORIO,63
recibir,63
plata,63
Accesos,63
Exteriores,63
paredes,63
PISOS,62
Ubicación,62
cubiertos,62
Parrilla,62
realizada,62
vidrio,62
través,62
porcellanato,62
remoto,62
calor,61
Hornos,61
Pentahome,61
Visto,61
frio/calor,61
ENTREGA,61
divisorias,61
macizos,61
Hueco,61
Técnicas,61
cubiertas,61
Categoría,61
colectivos,61
vehiculares,61
LIVING,61
totalmente,61
Gaona,60
Jardín,60
carácter,60
bañera,60
ciudad,60
habitaciones,60
primer,60
calefaccionada,60
vigilancia,59
Pentagono,59
Palmera,59
ascensores,59
CUADRAS,59
escritorio,59
entrega,58
Cámara,58
TERRAZA,58
superficie,58
LUMINOSO,58
Junta,58
BALCON,58
artefactos,58
mobiliario,57
Plaza,57
Ciudad,57
ventilación,57
subsuelos,56
alacena,56
natural,56
sujetos,56
Marcelo,56
Irlanda,56
monoambiente,56
Placard,56
nuevo,55
publicada,55
plantas,55
terminación,55
linea,54
quincho,54
Estar,54
habitación,53
CABALLITOUnidad,53
Bajas,53
PROPIEDADESVenta,53
media,53
mismo,53
Laundry,53
EXPENSAS,52
instalación,52
circulación,52
Constará,51
ambos,51
gimnasio,51
Alberdi,51
SUBTE,51
jacuzzi,50
incorporado,50
desarrolla,50
VENTA,50
Posee,50
cabina,50
Horno,50
orientación,50
PARRILLA,50
presente,50
incluye,50
automáticos.Especificaciones,50
CRÉDITO,49
Estrenar,49
AIRES,49
BALCÓN,49
Vanitory,49
PLACARD,49
meramente,49
ajuste,49
indicadas,49
Línea,48
termotanque,48
Patio,48
dividida,48
Imprenta,48
Venta,48
jardín,48
200mts,47
Cuadras,47
módulos,47
Moreno.La,47
RIVADAVIA,47
CREDITO,47
cuatro,47
SEGURIDAD,47
Cipolla,47
accesos,47
4052-CUCICBA,47
LAUNDRY,47
escalera,47
pileta,47
ascensor,46
comunes,46
Todos,46
Directorio,46
cómodo,46
colectivo,46
multisplit,46
forma,46
Baños,46
Bañera,46
Avellaneda,46
parciales,46
cocinas,46
moderno,45
SOLARIUM,45
poseerá,45
1544Situado,45
reales,45
Luminoso,45
común,45
PROFESIONAL,45
Sobre,45
privado,44
PISCINA,44
surgirán,44
plano,44
arquitectónico,44
FIJAS,44
salón,44
descubierta,44
gusto,43
Entrada,43
PARQUE,43
Contará,43
Moreno,43
frío/,43
anafe,43
modificaciones,43
modificado,43
visor,43
DORMITORIOS,43
Colectivos,43
electrico,43
Orientación,42
ducha,42
subsuelo,42
placards,42
revestimiento,42
orientativos,42
PropiedadesBelgrano,42
Portero,42
Matrículas,42
bacha,42
crédito,42
Barrancas,42
mejores,41
Comercial,41
PRIMER,41
Barrio,41
techo,41
UNIDAD,41
separada,41
propia,41
incluido,41
CMCPDJLM,41
Departamentos,41
Trujillo,41
Centenario,41
810Contacto,41
mármol,40
horno,40
Argentina,40
niños,40
dimensiones,40
parque,40
traves,40
además,40
estilo,40
ventanas,40
contractual,39
contrato,39
frente.Ambientes,39
operaciones,39
Sauna,39
cortinas,39
Artefactos,39
Impecable,39
PARRILLAS,39
empotrado,39
triple,39
Justo,39
griferias,39
Perrone,39
Contrafrente,39
monoambientes,38
Fotos,38
Hernan,38
Pintura,38
cuotas,38
Estación,38
.Publicado,38
Seguridad,37
entregara,37
cerca,37
luminosos,37
pasos,37
pasillo,37
local,37
Microcine,37
artísticas,36
ilustrativo,36
tamaño,36
Material,36
altura,36
UBICACIÓN,35
mercado,35
luminosidad,35
INDEPENDIENTE,35
Propiedad,35
caballito,35
americana,35
barra,35
colocados,35
revestimientos,35
Balcon,35
confort,34
buenas,34
plaza,34
VISTA,34
generales,34
amplias,34
Juegos,34
puerta,34
Vestuarios,34
sujetas,34
1700.Edificio,33
Sarmiento,33
alquiler,33
AGUERO,33
esquina,33
balanceado,33
ícono,33
Palier,33
excelentes,33
clienteMultiamenities,33
terminados,33
Fitness,33
semipiso,33
Vista,33
duchas,33
financiación,33
terminacionesCuenta,33
opcionalesPerspectivas,33
Huerta.Cocheras,33
Business,33
Social,33
AMPLIO,33
Instalado,33
unificadas,33
Algunas,33
aterrazados,33
portero,33
armarse,33
cerámica,32
SUBSUELO,32
Antigüedad,32
escritura,32
descubiertas,32
proporciones,32
METROS,32
CUBIERTAS.Se,32
cerámicos,32
unico,32
Martín,32
grantio,32
monocomando,32
arquitectonico,32
Shopping,32
individuales,32
Excelentes,31
Madera,31
divisibles,31
permanente,31
corazón,31
Bautista,31
Super,31
disponibles,31
Dependencia,31
ESTADO,31
fijas,31
UNIDADES,31
PATIO,31
encontramos,31
CUADRA,31
entregan,31
JUNIO,31
geográfico,30
circuito,30
pleno,30
CALIDAD,30
Servicio,30
hidromasaje,30
BAULERA,30
puntos,30
frío-calor,30
proyecto,30
descubierto,30
Carpintería,30
ventanal,30
divisible,30
Amplia,30
luminosa,30
SERVICIO,30
oportunidad,29
palier,29
efecto,29
medio,29
tercer,29
ideal,29
solamente,29
Cubierta,29
oficina,29
Honorio,29
inmobiliaria,29
encuentran,29
principales,29
orientativo,29
propio,29
sanitarios,29
Carabobo,29
construcción,29
Servicios,29
accede,28
ubicacion,28
categoria,28
disponibles.David,28
interno,28
indicados,28
lineas,28
matriculado,28
flotantes,28
melamina,28
reciclado,28
.Carpintería,28
PLANTA,28
aluminio.Edificio,28
ventanales,28
Ariel,28
hojas,28
trata,28
Jacuzzi.Cocheras,28
cómoda,28
INMEDIATA,27
consignados,27
Monoambientes,27
guardado,27
características,27
TODOS,26
Champanier,26
Fecha,26
vistas,26
permite,26
CORRIDO,26
cancha,26
hermético,26
VALOR,26
incluyen,26
exclusivamente,26
cerrado,26
Espacios,26
mensuales,26
posibilidad,26
semipisos,26
Posibilidad,26
interior,26
Matricula,25
sujeta,25
palieres,25
debajo,25
cercanía,25
Aberturas,25
Principal,25
Monoambiente,25
incorporada,25
MONOAMBIENTE,25
impecable,25
Puerta,25
inmobiliario,25
UBICACION,25
Mesadas,25
residencial,25
PAVILLON2,25
junto,25
CONTRAFRENTE,25
cantidad,24
hormigón,24
Amplios,24
informativo,24
variación,24
público,24
barrios,24
distribuidas,24
Ideal,24
julio,24
porcelanatos,24
constructiva,24
Semipiso,24
Griferías,24
sauna,24
DETALLES,24
Ferrum,24
alteraciones.Emprendimiento,24
ENTRADA,24
obtención,24
manzana,24
revestidos,24
DEPENDENCIA,24
inmobiliarias,24
pintura,24
división,23
automático,23
horizontal,23
dentro,23
Ubicada,23
AMPLIA,23
titulo,23
inversión,23
opcional,23
directa,23
instalado,23
espejado,23
AMPLIOS,23
respectivo,23
desayunadora,23
nivel,23
fondo,23
mesadas,23
FINANCIACION,23
cámaras,23
inmejorable,23
cerámico,22
desarrollan,22
OPORTUNIDAD,22
perfil,22
bajas,22
Vistas,22
propietarios,22
CUOTAS,22
preparada,22
consignado,22
optativas,22
pocas,22
conclusión,22
renta,22
Detalles,22
colocación,22
futbol,22
Mesada,22
acuerdo,22
ATENCIÓN,22
Rebeca,22
RENTA,22
solárium,22
Stern,22
entrepiso,21
replanteo,21
ofrece,21
mensura,21
precedente,21
vanitory,21
Metros,21
COMERCIAL,21
tipografía,21
adecuaciones,21
hornallas,21
Ambos,21
numerosas,21
guarda,21
transito,21
Transportes,21
Asimismo,21
CONSTRUCCION,21
externas,21
Parrillas,21
parrillero,21
PRINCIPAL,21
micro,21
PAVILLON3,21
luminosas,21
IDEAL,21
POSESIÓN,21
METROBUS,21
ACOYTE,21
complejo,21
PARQUET,21
mueble,21
Revestimientos,21
zonas,21
funcional,21
refrigeración,21
ilustraciones,21
Donato,21
cerramiento,21
provisorios,21
Totales,21
Estado,21
chicos,21
fotografías,21
Estructura,21
integrada.Gas.Calefacción,20
Grifería,20
Terminaciones,20
roller,20
INTERNA,20
Inmobiliario,20
ESCALERA,20
ubicada,20
estar-comedor,20
IMPECABLE,20
terrazas,20
Alvarez,20
depto,20
PRIMERA,20
inmediata,20
CUBIERTA,20
MEDIDAS,20
último,20
finlandesas,20
cercano,20
Completo,20
SOBRE,20
S.U.M,20
AMELIA,20
grifería,20
pintada,20
información,20
norte,20
pequeño,19
electrógeno,19
visitas,19
Flores,19
800m2,19
chapa,19
exteriores,19
Angel,19
consta,19
separado,19
grande,19
próximo,19
exclusivo,19
última,19
Americana,19
DISPONIBLES,19
eléctrica,19
anticipo,19
DIARIO,19
BAÑOS,19
CUENTA,19
Torre,19
Total,19
panorámica,19
intermediación,19
super,19
INTEGRADA,19
Pueyrredón,19
Gimnasio,19
guardacoches,18
visita,18
Cuarto,18
Cercanía,18
revestido,18
ESPACIO,18
Oeste,18
Avenidas,18
tranquila,18
tramitación,18
SALIDA,18
Escritorio,18
MEJOR,18
Código,18
Hermoso,18
avenidas,18
estufa,18
INSTALACION,18
cruzada,18
Calefaccion,18
Abril,18
Subtes,18
guardacoche,18
accesibilidad,18
HASTA,18
niveles,18
propiedades,18
Segundo,18
exactas,18
portón,18
espejo,18
Cancha,17
Salón,17
Sector,17
Además,17
vivir,17
marmol,17
movilidad,17
General,17
duplex,17
VENDIDAS.LEPORE,17
cómodas,17
marca.Excelente,17
ingreso,17
AMENITIES,17
fines,17
estudio,17
cercanos,17
vidriado,17
combinado,17
blanco,17
SUITE,17
ambas,17
blindex,17
Chacabuco,17
BAJAS,17
mantenimiento,17
Acceso,17
bancario,17
gastronómico,17
estacion,17
carpinterías,17
proceso,17
lateral,17
LINEA,17
emplazadas,17
Diseño,17
Carpinterías,17
Caldera,17
JULIO,17
cargo,17
artefacto,16
antigüedad,16
Herrajes,16
DIGNO,16
consultas,16
Habitación,16
misma,16
Equipos,16
Encargado,16
Pettoruti,16
ESTUDIO,16
camaras,16
Ferrocarril,16
Ubicacion,16
fácil,16
conservación,16
Sanitarios,16
Schenker,16
RAPISARDA,16
Ingreso,16
microcine,16
Vigilancia,16
corredizas,16
ubica,16
Melamina,16
placar,16
perfectamente,16
mucha,16
adicional,16
Lamas,16
costo,16
Características,16
Acondicionado,16
espejadas,16
cuarto,16
bicicletas,16
PLATA,16
pulmón,16
agregado,16
importado,16
Recoleta,16
NUEVO,16
Velez,16
lindo,16
punto,15
privilegiada,15
SARMIENTO,15
BANCARIO,15
SUPERFICIE,15
habitar,15
usted,15
obtener,15
aproximada,15
MEDIOS,15
revestidas,15
entradas,15
GALLARDO,15
jaula,15
SIMPLES,15
EXTERNA,15
.Cocina,15
Refrigeración,15
estrategica,15
Acoyte.Edificio,15
inlcuidos,15
D'Aria,15
espejados,15
Vestidor,15
subterráneo,15
actualizado,15
CABALLITOExcelente,15
Metro,15
calidad.Actualización,15
terminada,15
garantizados,15
facilita,15
divididos,15
semi-privados,15
calidades,15
encima,15
rectificado,15
detrás,15
alimenta,15
generar,15
Nucifora,15
oferta,15
Calidad,15
Gallardo,15
arterias,15
Inmejorable,15
ajustes,15
abril,15
consignadas,15
llaves,15
Janeiro,15
Conexión,15
conformado,15
hermoso,15
Premium,15
PLAZA,15
panoramicas,15
extractor,15
TOTAL,15
generosas,15
JUNTA,15
calefón,15
Parquet,15
Graciela,15
wengue,15
patios,15
radiadores,15
perfecto,14
MARZO,14
Estar-Comedor,14
avenida,14
AVENIDA,14
TOILETTE,14
cómodos,14
Carlos,14
vestuarios,14
ROJAS,14
podrá,14
frente/contrafrente.Ambientes,14
Cantidad,14
inmuebles,14
disfrutar,14
hogar,14
Federico,14
llevadas,14
cuadrados,14
MADERA,14
Emprendimiento,14
MapapropCODIGO,14
cielorrasos,14
panorámicas,14
disyuntor,14
alquilar,14
MONOAMBIENTES,14
plastificados,14
buenos,14
cinco,14
GOLDSTEIN,14
guardas,14
Cómoda,14
Posesión,14
MUEBLES,14
desarrollado,14
pierdas,14
conductos,14
POSIBILIDAD,14
DOBLE,14
latex,14
LINEAS,14
pintado,13
ESCRITORIO,13
condiciones,13
libre,13
CONSÚLTENOS,13
DIVISIBLES,13
integrado,13
ingresar,13
marcos,13
2018LEPORE,13
FOTOS,13
ABIERTA,13
antiguedad,13
Resolución,13
DIVISIBLE,13
calor.LEPORE,13
correspondiese,13
situada,13
aberturas,13
prestaciones,13
Pileta,13
Martillero,13
calidad.-,13
Actualmente,13
RivadaviaA,13
DirectorioA,13
moderna,13
Torres,13
PEDRO,13
PlataA,13
GoyenaA,13
pesos,13
aires,13
Mono-ambiente,13
C.O.T.I,13
cumplan,13
SERVICIOS,13
Teléfono,13
condicionada,13
LATERAL,13
HERMOSO,13
ALBERDI,13
tenis,13
privada,13
BUENA,13
medida,13
francés,13
video,13
ladrillo,13
locales,13
Zonificación,13
listo,13
Colegio,13
ambientes-,13
Preparado,12
Bienes,12
Finalización,12
COMPLETOS,12
Agosto,12
blindadas,12
modernos,12
reciclados,12
terminadas,12
DESDE,12
Grupo,12
conserjeria.Mas,12
bicicleteros,12
CMCPSI,12
centrales,12
aerobico,12
reuniones,12
cumplimente,12
trámite,12
Maximiliano,12
Hospital,12
incorpora,12
masajes,12
quinchos,12
refuerzos,12
profesionalLa,12
tener,12
Oportunidad,12
VESTIDOR,12
CANAL,12
PAGINA,12
NUESTRA,12
elección,12
PROCURA,12
MEJORAR,12
edificios,12
FAVOR,12
CLIENTE,12
NUESTRO,12
4.000m2,12
garage,12
categoria.Frente,12
HABILITAMOS,12
PUERTA,12
casos,12
exclusivos,12
tipología,12
Aranguren,12
in-out,12
realizado,12
BRINDARLE,12
familia,12
SPLIT,12
Inmobiliaria,12
dependencias,12
VENDIDAS.FECHA,12
ciudad.Amenities,12
COLECTIVOS,12
Pecom,12
torres,12
caracter,12
corresponda,12
IMPORTANTE,12
CALLE,12
saldo,12
UBICADO,12
personal,12
aproximadamente,12
Nación,12
jardin,12
Justo.David,12
diferentes,12
hermosa,12
campeador,12
minutos,12
Openprop,12
QUINCHO,12
sistema,12
blindada,12
*Tipología,12
distribuidos,12
asociándote,12
beneficios,12
obtené,12
NEGOCIOS,12
INMOBILIARIA,12
mts.-,12
Corrientes,12
CLAROAv,12
grupo,12
conecta,12
reservas,12
segunda,12
INDIVIDUAL,12
calles,12
Semipisos,12
comercios,12
toman,12
PROPIEDAD,12
Integrada,12
ACTUALMENTE,12
Cómodo,12
transportes,11
varias,11
2018-,11
destinarán,11
desarrollados,11
heladera,11
Liliana,11
ACONDICIONADO,11
carpintería,11
Última,11
materiales,11
CALEFACCION,11
gusto-,11
comerciales,11
máximo,11
Desarrollos,11
Altura.Especificaciones,11
Raices,11
compuestas,11
escasos,11
publicado,11
actualmente,11
Ambiente,11
inversor,11
Autónoma,11
mayor,11
Balcones,11
PARTE,11
lavarropa-,11
techos,11
Porcellanato-,11
frío/calor,11
ESTACION,11
interiores-,11
Primer,11
frio-calor,11
desayunador,11
Pasillo,11
LUMINOSIDAD,11
LAVARROPAS,11
integrales,11
LOCAL,11
ubicadas,11
2.000.-Para,11
espacimiento,11
CARACTERÍSTICAS,11
térmico,11
**Las,11
roble,11
Julio,11
HONORIO,11
únicos,11
Pueyrredon,11
altos,11
MARIA,11
"1,2,3",11
infinita.Increíble,11
ciudad.Arquitectura,11
Policlinico,11
TORRES,11
Cerca,11
Central,11
acondicionados,11
privadas,11
resto,11
colocar,11
BIENES,11
Vazquez,11
accesorios,11
vinculantes,11
Comunes,11
CAPITAL,11
Universidad,11
Consulte,11
SEMI-PISOS,11
MESADA,11
fijas/cubiertas,11
sitúa,11
Patricia,11
GOYENA,11
inusuales,10
vidrios,10
parque.Obra,10
301Venta,10
ARTEFACTO,10
tambien,10
ubicados,10
completas,10
diseño.Ideal,10
TASAMOS,10
estudiantes,10
MapapropCorredor,10
COCHE,10
GUARDA,10
aptos,10
modificación,10
KRELL,10
ficha,10
CATEGORIA,10
distintos,10
automáticos,10
DOLARES,10
relación,10
Rivadavia.EL,10
Amenities.LA,10
TASACIONES,10
Independiente,10
demanda,10
corretaje,10
Contacto,10
Quincho,10
termomagnéticas,10
Categoria.-,10
lista,10
Vanguardia,10
Arquitectura,10
posesión,10
esparcimiento.-,10
Medidas,10
Frente-,10
COMPLETA,10
Triple,10
tradicional,10
Inmediata,10
estantes,10
PROYECTO,10
variedad,10
directo,10
Abiertas,10
APROXIMADAS,10
garantizadas,10
Predefinida-,10
griferías,10
Andrés,10
Garage,10
seccional,10
cuartos,10
pequeña,10
Escolar,10
bajos,10
TOTALES,10
MORENO,10
Totalmente,10
cajonera,10
máxima,10
Blindex,10
época,10
templado,10
hipotecario,10
.OPENPROP,10
Constructora,10
Accesibilidad,10
CENTRO,10
PAVILLON,10
Junio,10
.Excelente,10
provicion,10
jacuzzi-,10
trayectoria,10
GROUP,10
mercado-,10
pintadas,10
Muros,10
FINANCIACIÓN,10
abierto,10
DOBLES,10
lustrada,10
descubiertos,10
habitacion,10
NORTE,10
2019Los,10
Comodidades,10
luego,10
ubican,10
presentan,10
ANGEL,10
OPINIÓN,10
SRLAvda,10
Domec,10
vende,10
aprovechamiento,10
COMUNICACIÓN,10
vanguardia,10
BLINDADA,10
profesional.LEPORE,10
